Row ID,Order ID,Order Date,Order Priority,Order Quantity,Sales,Discount,Ship Mode,Profit,Unit Price,Shipping Cost,Product Container,Product Base Margin,Ship Date,Manager,product_id,customer_id,return_status_id,returnvalue
6938,49510,2012-03-20,Critical,16,"44,1","0,04",Regular Air,"-6,22","2,58","1,3",Wrap Bag,"0,59",2012-03-21,William,1,1,1,Returned
6938,49510,2012-03-20,Critical,16,"44,1","0,04",Regular Air,"-6,22","2,58","1,3",Wrap Bag,"0,59",2012-03-21,Pat,1,1,1,Returned
7273,51879,2010-08-24,Not Specified,26,"1382,31","0,03",Regular Air,"372,26","51,94","19,99",Small Box,"0,44",2010-08-26,William,2,2,1,Returned
7273,51879,2010-08-24,Not Specified,26,"1382,31","0,03",Regular Air,"372,26","51,94","19,99",Small Box,"0,44",2010-08-26,Pat,2,2,1,Returned
7274,51879,2010-08-24,Not Specified,46,"991,36","0,01",Regular Air,"212,06","19,98","8,68",Small Box,"0,37",2010-08-25,William,3,2,1,Returned
7274,51879,2010-08-24,Not Specified,46,"991,36","0,01",Regular Air,"212,06","19,98","8,68",Small Box,"0,37",2010-08-25,Pat,3,2,1,Returned
7565,54119,2010-05-22,Medium,45,261,"0,04",Express Air,"-43,45","5,81","3,37",Wrap Bag,"0,54",2010-05-23,William,7,2,1,Returned
7565,54119,2010-05-22,Medium,45,261,"0,04",Express Air,"-43,45","5,81","3,37",Wrap Bag,"0,54",2010-05-23,Pat,7,2,1,Returned
7566,54119,2010-05-22,Medium,4,"127,56","0,05",Regular Air,"-41,75","29,74","6,64",Small Box,"0,7",2010-05-25,William,8,2,1,Returned
7566,54119,2010-05-22,Medium,4,"127,56","0,05",Regular Air,"-41,75","29,74","6,64",Small Box,"0,7",2010-05-25,Pat,8,2,1,Returned
7335,52288,2011-08-10,High,19,"1410,44","0,07",Regular Air,"545,11","78,69","19,99",Small Box,"0,43",2011-08-11,William,4,3,1,Returned
7335,52288,2011-08-10,High,19,"1410,44","0,07",Regular Air,"545,11","78,69","19,99",Small Box,"0,43",2011-08-11,Pat,4,3,1,Returned
7502,53536,2012-10-30,High,35,"738,69","0,1",Regular Air,"109,16","22,98","7,58",Small Box,"0,51",2012-11-01,William,5,4,1,Returned
7502,53536,2012-10-30,High,35,"738,69","0,1",Regular Air,"109,16","22,98","7,58",Small Box,"0,51",2012-11-01,Pat,5,4,1,Returned
7503,53536,2012-10-30,High,5,"1015,4",0,Delivery Truck,"-234,59","179,29","56,2",Jumbo Box,"0,71",2012-11-01,William,6,4,1,Returned
7503,53536,2012-10-30,High,5,"1015,4",0,Delivery Truck,"-234,59","179,29","56,2",Jumbo Box,"0,71",2012-11-01,Pat,6,4,1,Returned
8184,58500,2011-02-14,Low,17,"1529,014","0,07",Regular Air,"14,01","110,99","8,99",Small Box,"0,57",2011-02-14,William,9,5,1,Returned
8184,58500,2011-02-14,Low,17,"1529,014","0,07",Regular Air,"14,01","110,99","8,99",Small Box,"0,57",2011-02-14,Pat,9,5,1,Returned
143,928,2011-03-01,Low,21,"1222,68","0,06",Express Air,"300,97","59,98","3,99",Small Box,"0,57",2011-03-06,William,10,6,1,Returned
143,928,2011-03-01,Low,21,"1222,68","0,06",Express Air,"300,97","59,98","3,99",Small Box,"0,57",2011-03-06,Pat,10,6,1,Returned
144,928,2011-03-01,Low,26,"390,2","0,02",Express Air,"45,00","14,58","7,4",Small Box,"0,48",2011-03-03,William,11,6,1,Returned
144,928,2011-03-01,Low,26,"390,2","0,02",Express Air,"45,00","14,58","7,4",Small Box,"0,48",2011-03-03,Pat,11,6,1,Returned
1791,12806,2011-12-24,Not Specified,20,"761,23",0,Regular Air,"107,93","35,89","14,72",Small Box,"0,4",2011-12-25,William,12,7,1,Returned
1791,12806,2011-12-24,Not Specified,20,"761,23",0,Regular Air,"107,93","35,89","14,72",Small Box,"0,4",2011-12-25,Pat,12,7,1,Returned
1837,13158,2012-11-20,Critical,26,"187,16","0,01",Regular Air,"29,33","6,75","2,99",Small Box,"0,35",2012-11-22,William,13,8,1,Returned
1837,13158,2012-11-20,Critical,26,"187,16","0,01",Regular Air,"29,33","6,75","2,99",Small Box,"0,35",2012-11-22,Pat,13,8,1,Returned
1328,9696,2011-02-19,Not Specified,15,"110,15","0,02",Regular Air,"13,91","6,75","2,99",Small Box,"0,35",2011-02-21,William,13,70,1,Returned
1328,9696,2011-02-19,Not Specified,15,"110,15","0,02",Regular Air,"13,91","6,75","2,99",Small Box,"0,35",2011-02-21,Pat,13,70,1,Returned
171,1060,2010-02-20,Medium,30,"1187,55",0,Regular Air,"532,61","37,7","2,99",Small Box,"0,35",2010-02-22,William,117,70,1,Returned
171,1060,2010-02-20,Medium,30,"1187,55",0,Regular Air,"532,61","37,7","2,99",Small Box,"0,35",2010-02-22,Pat,117,70,1,Returned
1329,9696,2011-02-19,Not Specified,13,"3335,27","0,03",Delivery Truck,"539,69","243,98","43,32",Jumbo Drum,"0,55",2011-02-21,William,124,70,1,Returned
1329,9696,2011-02-19,Not Specified,13,"3335,27","0,03",Delivery Truck,"539,69","243,98","43,32",Jumbo Drum,"0,55",2011-02-21,Pat,124,70,1,Returned
4800,34117,2012-02-07,High,45,"299,94","0,06",Regular Air,"38,74","6,75","2,99",Small Box,"0,35",2012-02-09,William,13,99,1,Returned
4800,34117,2012-02-07,High,45,"299,94","0,06",Regular Air,"38,74","6,75","2,99",Small Box,"0,35",2012-02-09,Pat,13,99,1,Returned
8247,58949,2012-12-16,Critical,50,"1558,9425","0,02",Regular Air,"548,44","35,99","1,1",Small Box,"0,55",2012-12-17,William,181,99,1,Returned
8247,58949,2012-12-16,Critical,50,"1558,9425","0,02",Regular Air,"548,44","35,99","1,1",Small Box,"0,55",2012-12-17,Pat,181,99,1,Returned
5380,38272,2011-11-15,Critical,39,"71,04","0,07",Regular Air,"-20,65","1,88","1,49",Small Box,"0,37",2011-11-17,William,14,9,1,Returned
5380,38272,2011-11-15,Critical,39,"71,04","0,07",Regular Air,"-20,65","1,88","1,49",Small Box,"0,37",2011-11-17,Pat,14,9,1,Returned
5747,40806,2011-09-06,Critical,8,"53,14",0,Regular Air,"-41,26","5,4","7,78",Small Box,"0,37",2011-09-07,William,15,10,1,Returned
5747,40806,2011-09-06,Critical,8,"53,14",0,Regular Air,"-41,26","5,4","7,78",Small Box,"0,37",2011-09-07,Pat,15,10,1,Returned
6926,49412,2009-03-07,Critical,20,"9418,14","0,09",Delivery Truck,"909,36","517,48","16,63",Jumbo Box,"0,59",2009-03-07,William,16,11,1,Returned
6926,49412,2009-03-07,Critical,20,"9418,14","0,09",Delivery Truck,"909,36","517,48","16,63",Jumbo Box,"0,59",2009-03-07,Pat,16,11,1,Returned
7298,52035,2009-11-27,High,29,"20872,16","0,03",Regular Air,"-4437,91","699,99","24,49",Large Box,"0,41",2009-11-30,William,17,12,1,Returned
7298,52035,2009-11-27,High,29,"20872,16","0,03",Regular Air,"-4437,91","699,99","24,49",Large Box,"0,41",2009-11-30,Pat,17,12,1,Returned
549,3687,2010-02-02,Critical,25,"79,37","0,07",Regular Air,"6,14","3,29","1,35",Wrap Bag,"0,4",2010-02-02,William,18,13,1,Returned
549,3687,2010-02-02,Critical,25,"79,37","0,07",Regular Air,"6,14","3,29","1,35",Wrap Bag,"0,4",2010-02-02,Pat,18,13,1,Returned
6091,43140,2009-03-18,Critical,23,"130,16","0,1",Regular Air,"-49,53","5,98","5,14",Small Box,"0,36",2009-03-20,William,36,13,1,Returned
6091,43140,2009-03-18,Critical,23,"130,16","0,1",Regular Air,"-49,53","5,98","5,14",Small Box,"0,36",2009-03-20,Pat,36,13,1,Returned
618,4261,2012-10-02,Critical,22,"1556,87","0,04",Delivery Truck,"-521,42","68,81",60,Jumbo Drum,"0,41",2012-10-03,William,19,14,1,Returned
618,4261,2012-10-02,Critical,22,"1556,87","0,04",Delivery Truck,"-521,42","68,81",60,Jumbo Drum,"0,41",2012-10-03,Pat,19,14,1,Returned
619,4261,2012-10-02,Critical,33,"195,98","0,08",Regular Air,"-71,47","5,98","5,35",Small Box,"0,4",2012-10-04,William,20,14,1,Returned
619,4261,2012-10-02,Critical,33,"195,98","0,08",Regular Air,"-71,47","5,98","5,35",Small Box,"0,4",2012-10-04,Pat,20,14,1,Returned
620,4261,2012-10-02,Critical,32,"9235,97","0,04",Regular Air,"2848,17","300,65","24,49",Large Box,"0,52",2012-10-04,William,21,14,1,Returned
620,4261,2012-10-02,Critical,32,"9235,97","0,04",Regular Air,"2848,17","300,65","24,49",Large Box,"0,52",2012-10-04,Pat,21,14,1,Returned
621,4261,2012-10-02,Critical,48,"274,38","0,04",Regular Air,"-94,82","5,78","5,37",Small Box,"0,36",2012-10-04,William,22,14,1,Returned
621,4261,2012-10-02,Critical,48,"274,38","0,04",Regular Air,"-94,82","5,78","5,37",Small Box,"0,36",2012-10-04,Pat,22,14,1,Returned
695,4864,2012-11-10,Low,16,"4901,99","0,04",Regular Air,"1724,68","315,98","19,99",Small Box,"0,38",2012-11-14,William,23,15,1,Returned
695,4864,2012-11-10,Low,16,"4901,99","0,04",Regular Air,"1724,68","315,98","19,99",Small Box,"0,38",2012-11-14,Pat,23,15,1,Returned
3690,26372,2009-07-12,Low,1,"31,96","0,01",Regular Air,"-74,64","29,89","1,99",Small Pack,"0,5",2009-07-16,William,29,15,1,Returned
3690,26372,2009-07-12,Low,1,"31,96","0,01",Regular Air,"-74,64","29,89","1,99",Small Pack,"0,5",2009-07-16,Pat,29,15,1,Returned
5882,41760,2012-01-27,Low,21,"6688,66","0,04",Regular Air,"2648,08","315,98","19,99",Small Box,"0,38",2012-02-01,William,23,105,1,Returned
5882,41760,2012-01-27,Low,21,"6688,66","0,04",Regular Air,"2648,08","315,98","19,99",Small Box,"0,38",2012-02-01,Pat,23,105,1,Returned
5883,41760,2012-01-27,Low,22,"247,45",0,Regular Air,"-133,18","9,98","12,52",Small Box,"0,57",2012-02-03,William,174,105,1,Returned
5883,41760,2012-01-27,Low,22,"247,45",0,Regular Air,"-133,18","9,98","12,52",Small Box,"0,57",2012-02-03,Pat,174,105,1,Returned
5884,41760,2012-01-27,Low,7,"685,7205","0,08",Regular Air,"-278,87","115,99","2,5",Small Box,"0,57",2012-02-01,William,177,105,1,Returned
5884,41760,2012-01-27,Low,7,"685,7205","0,08",Regular Air,"-278,87","115,99","2,5",Small Box,"0,57",2012-02-01,Pat,177,105,1,Returned
5885,41760,2012-01-27,Low,40,"3232,1335","0,05",Regular Air,"696,95","95,99","8,99",Small Box,"0,57",2012-02-01,William,178,105,1,Returned
5885,41760,2012-01-27,Low,40,"3232,1335","0,05",Regular Air,"696,95","95,99","8,99",Small Box,"0,57",2012-02-01,Pat,178,105,1,Returned
7812,55874,2009-02-16,Medium,24,"129,53","0,06",Regular Air,"33,01","5,68","1,39",Small Box,"0,38",2009-02-16,William,180,105,1,Returned
7812,55874,2009-02-16,Medium,24,"129,53","0,06",Regular Air,"33,01","5,68","1,39",Small Box,"0,38",2009-02-16,Pat,180,105,1,Returned
1952,13984,2012-09-24,Critical,30,"2052,82","0,05",Regular Air,"-870,61","70,71","37,58",Wrap Bag,"0,78",2012-09-24,William,24,16,1,Returned
1952,13984,2012-09-24,Critical,30,"2052,82","0,05",Regular Air,"-870,61","70,71","37,58",Wrap Bag,"0,78",2012-09-24,Pat,24,16,1,Returned
1953,13986,2011-10-11,High,46,"1905,79","0,01",Regular Air,"675,65","39,48","1,99",Small Pack,"0,54",2011-10-14,William,25,17,1,Returned
1953,13986,2011-10-11,High,46,"1905,79","0,01",Regular Air,"675,65","39,48","1,99",Small Pack,"0,54",2011-10-14,Pat,25,17,1,Returned
2824,20389,2009-08-11,High,31,"7477,78","0,09",Delivery Truck,"883,29","260,98","41,91",Jumbo Box,"0,59",2009-08-13,William,26,18,1,Returned
2824,20389,2009-08-11,High,31,"7477,78","0,09",Delivery Truck,"883,29","260,98","41,91",Jumbo Box,"0,59",2009-08-13,Pat,26,18,1,Returned
2825,20389,2009-08-11,High,24,"270,39","0,01",Regular Air,"-30,42","10,52","7,94",Small Pack,"0,52",2009-08-13,William,27,18,1,Returned
2825,20389,2009-08-11,High,24,"270,39","0,01",Regular Air,"-30,42","10,52","7,94",Small Pack,"0,52",2009-08-13,Pat,27,18,1,Returned
2826,20389,2009-08-11,High,30,"201,35","0,02",Express Air,"-107,37","5,98","7,5",Small Box,"0,4",2009-08-13,William,28,18,1,Returned
2826,20389,2009-08-11,High,30,"201,35","0,02",Express Air,"-107,37","5,98","7,5",Small Box,"0,4",2009-08-13,Pat,28,18,1,Returned
4576,32582,2009-06-25,Not Specified,27,"2780,88","0,07",Express Air,"595,38","105,34","24,49",Large Box,"0,61",2009-06-26,William,30,19,1,Returned
4576,32582,2009-06-25,Not Specified,27,"2780,88","0,07",Express Air,"595,38","105,34","24,49",Large Box,"0,61",2009-06-26,Pat,30,19,1,Returned
5043,35936,2009-01-21,Medium,40,"4152,55","0,03",Regular Air,"813,33","105,34","24,49",Large Box,"0,61",2009-01-22,William,30,102,1,Returned
5043,35936,2009-01-21,Medium,40,"4152,55","0,03",Regular Air,"813,33","105,34","24,49",Large Box,"0,61",2009-01-22,Pat,30,102,1,Returned
5042,35936,2009-01-21,Medium,41,"312,26","0,08",Regular Air,"-10,38","7,84","4,71",Small Box,"0,35",2009-01-22,William,168,102,1,Returned
5042,35936,2009-01-21,Medium,41,"312,26","0,08",Regular Air,"-10,38","7,84","4,71",Small Box,"0,35",2009-01-22,Pat,168,102,1,Returned
4620,32901,2011-01-10,Critical,13,"49,74",0,Regular Air,"17,70","3,75","0,5",Small Box,"0,37",2011-01-11,William,31,20,1,Returned
4620,32901,2011-01-10,Critical,13,"49,74",0,Regular Air,"17,70","3,75","0,5",Small Box,"0,37",2011-01-11,Pat,31,20,1,Returned
5678,40134,2011-10-09,Low,10,"109,37","0,1",Regular Air,"-21,66","10,89","4,5",Small Box,"0,59",2011-10-16,William,32,21,1,Returned
5678,40134,2011-10-09,Low,10,"109,37","0,1",Regular Air,"-21,66","10,89","4,5",Small Box,"0,59",2011-10-16,Pat,32,21,1,Returned
5679,40134,2011-10-09,Low,43,"1461,1","0,01",Regular Air,"674,46","31,78","1,99",Small Pack,"0,42",2011-10-13,William,33,21,1,Returned
5679,40134,2011-10-09,Low,43,"1461,1","0,01",Regular Air,"674,46","31,78","1,99",Small Pack,"0,42",2011-10-13,Pat,33,21,1,Returned
5680,40134,2011-10-09,Low,1,"9,75",0,Regular Air,"-6,72","4,98","4,72",Small Box,"0,36",2011-10-14,William,34,21,1,Returned
5680,40134,2011-10-09,Low,1,"9,75",0,Regular Air,"-6,72","4,98","4,72",Small Box,"0,36",2011-10-14,Pat,34,21,1,Returned
5971,42342,2009-09-04,Not Specified,25,"318,14","0,01",Regular Air,"49,67","12,28","5,09",Small Box,"0,38",2009-09-05,William,35,22,1,Returned
5971,42342,2009-09-04,Not Specified,25,"318,14","0,01",Regular Air,"49,67","12,28","5,09",Small Box,"0,38",2009-09-05,Pat,35,22,1,Returned
6228,44098,2010-01-27,Low,1,"5,06","0,01",Regular Air,"-2,64","3,14","1,92",Wrap Bag,"0,84",2010-01-31,William,37,23,1,Returned
6228,44098,2010-01-27,Low,1,"5,06","0,01",Regular Air,"-2,64","3,14","1,92",Wrap Bag,"0,84",2010-01-31,Pat,37,23,1,Returned
4681,33317,2009-05-11,High,35,"203,35","0,08",Regular Air,"-1605,73","4,48",49,Large Box,"0,6",2009-05-13,William,38,24,1,Returned
4681,33317,2009-05-11,High,35,"203,35","0,08",Regular Air,"-1605,73","4,48",49,Large Box,"0,6",2009-05-13,Pat,38,24,1,Returned
4682,33317,2009-05-11,High,18,"44,52","0,03",Regular Air,"-90,59","2,16","6,05",Small Box,"0,37",2009-05-12,William,39,24,1,Returned
4682,33317,2009-05-11,High,18,"44,52","0,03",Regular Air,"-90,59","2,16","6,05",Small Box,"0,37",2009-05-12,Pat,39,24,1,Returned
4683,33317,2009-05-11,High,5,"58,9","0,03",Regular Air,"-36,90","9,71","9,45",Small Box,"0,6",2009-05-11,William,40,24,1,Returned
4683,33317,2009-05-11,High,5,"58,9","0,03",Regular Air,"-36,90","9,71","9,45",Small Box,"0,6",2009-05-11,Pat,40,24,1,Returned
4684,33317,2009-05-11,High,13,"602,4205","0,09",Regular Air,"10,98","55,99","1,25",Small Pack,"0,55",2009-05-13,William,41,24,1,Returned
4684,33317,2009-05-11,High,13,"602,4205","0,09",Regular Air,"10,98","55,99","1,25",Small Pack,"0,55",2009-05-13,Pat,41,24,1,Returned
5057,36067,2009-07-04,High,37,"6176,29","0,04",Express Air,"1499,94","165,2","19,99",Small Box,"0,59",2009-07-06,William,42,25,1,Returned
5057,36067,2009-07-04,High,37,"6176,29","0,04",Express Air,"1499,94","165,2","19,99",Small Box,"0,59",2009-07-06,Pat,42,25,1,Returned
8004,57190,2010-05-28,Medium,48,"2052,83","0,02",Regular Air,"395,85","40,99","8,97",Small Box,"0,54",2010-05-28,William,62,25,1,Returned
8004,57190,2010-05-28,Medium,48,"2052,83","0,02",Regular Air,"395,85","40,99","8,97",Small Box,"0,54",2010-05-28,Pat,62,25,1,Returned
8005,57190,2010-05-28,Medium,36,"620,45","0,09",Regular Air,"171,94","17,48","1,99",Small Pack,"0,46",2010-05-29,William,63,25,1,Returned
8005,57190,2010-05-28,Medium,36,"620,45","0,09",Regular Air,"171,94","17,48","1,99",Small Pack,"0,46",2010-05-29,Pat,63,25,1,Returned
5076,36160,2012-11-22,Low,12,"2218,891",0,Express Air,"79,54","205,99","8,99",Small Box,"0,56",2012-11-29,William,43,26,1,Returned
5076,36160,2012-11-22,Low,12,"2218,891",0,Express Air,"79,54","205,99","8,99",Small Box,"0,56",2012-11-29,Pat,43,26,1,Returned
5231,37250,2010-01-14,High,13,"473,46","0,03",Regular Air,"128,11","35,94","6,66",Small Box,"0,4",2010-01-15,William,44,27,1,Returned
5231,37250,2010-01-14,High,13,"473,46","0,03",Regular Air,"128,11","35,94","6,66",Small Box,"0,4",2010-01-15,Pat,44,27,1,Returned
6008,42563,2010-08-12,Medium,7,"44,25","0,07",Express Air,"-14,36","4,24","5,41",Small Box,"0,35",2010-08-12,William,45,28,1,Returned
6008,42563,2010-08-12,Medium,7,"44,25","0,07",Express Air,"-14,36","4,24","5,41",Small Box,"0,35",2010-08-12,Pat,45,28,1,Returned
6787,48353,2012-12-15,Not Specified,18,"71,22","0,04",Regular Air,"20,43","3,85","0,7",Wrap Bag,"0,44",2012-12-17,William,54,28,1,Returned
6787,48353,2012-12-15,Not Specified,18,"71,22","0,04",Regular Air,"20,43","3,85","0,7",Wrap Bag,"0,44",2012-12-17,Pat,54,28,1,Returned
6146,43494,2012-01-03,Medium,2,"3668,28","0,09",Regular Air,"-4858,67","1938,02","13,99",Medium Box,"0,38",2012-01-04,William,46,29,1,Returned
6146,43494,2012-01-03,Medium,2,"3668,28","0,09",Regular Air,"-4858,67","1938,02","13,99",Medium Box,"0,38",2012-01-04,Pat,46,29,1,Returned
6418,45605,2010-04-10,Medium,7,"1494,27","0,05",Delivery Truck,"-248,78","212,6","52,2",Jumbo Box,"0,64",2010-04-12,William,47,30,1,Returned
6418,45605,2010-04-10,Medium,7,"1494,27","0,05",Delivery Truck,"-248,78","212,6","52,2",Jumbo Box,"0,64",2010-04-12,Pat,47,30,1,Returned
6563,46662,2011-12-29,Critical,8,"57,22","0,07",Regular Air,"-27,72","6,48","6,6",Small Box,"0,37",2011-12-31,William,48,31,1,Returned
6563,46662,2011-12-29,Critical,8,"57,22","0,07",Regular Air,"-27,72","6,48","6,6",Small Box,"0,37",2011-12-31,Pat,48,31,1,Returned
6564,46662,2011-12-29,Critical,33,162,"0,01",Regular Air,"45,84","4,84","0,71",Wrap Bag,"0,52",2011-12-31,William,49,31,1,Returned
6564,46662,2011-12-29,Critical,33,162,"0,01",Regular Air,"45,84","4,84","0,71",Wrap Bag,"0,52",2011-12-31,Pat,49,31,1,Returned
6565,46662,2011-12-29,Critical,48,"3410,1575","0,1",Regular Air,"1137,91","85,99","0,99",Wrap Bag,"0,55",2011-12-31,William,50,31,1,Returned
6565,46662,2011-12-29,Critical,48,"3410,1575","0,1",Regular Air,"1137,91","85,99","0,99",Wrap Bag,"0,55",2011-12-31,Pat,50,31,1,Returned
5447,38661,2012-02-12,High,48,"326,1","0,04",Regular Air,"-118,74","6,48","6,6",Small Box,"0,37",2012-02-13,William,48,51,1,Returned
5447,38661,2012-02-12,High,48,"326,1","0,04",Regular Air,"-118,74","6,48","6,6",Small Box,"0,37",2012-02-13,Pat,48,51,1,Returned
5448,38661,2012-02-12,High,6,"170,374","0,09",Regular Air,"-67,13","35,99","0,99",Small Pack,"0,35",2012-02-15,William,80,51,1,Returned
5448,38661,2012-02-12,High,6,"170,374","0,09",Regular Air,"-67,13","35,99","0,99",Small Pack,"0,35",2012-02-15,Pat,80,51,1,Returned
6663,47457,2009-06-03,Low,50,"8230,77","0,05",Regular Air,"1577,02","161,55","19,99",Small Box,"0,66",2009-06-08,William,51,32,1,Returned
6663,47457,2009-06-03,Low,50,"8230,77","0,05",Regular Air,"1577,02","161,55","19,99",Small Box,"0,66",2009-06-08,Pat,51,32,1,Returned
4273,30403,2012-07-10,High,24,"3583,52","0,09",Regular Air,"221,71","161,55","19,99",Small Box,"0,66",2012-07-11,William,51,89,1,Returned
4273,30403,2012-07-10,High,24,"3583,52","0,09",Regular Air,"221,71","161,55","19,99",Small Box,"0,66",2012-07-11,Pat,51,89,1,Returned
4272,30403,2012-07-10,High,41,"305,01","0,05",Express Air,"-160,82","7,3","7,72",Small Box,"0,38",2012-07-12,William,153,89,1,Returned
4272,30403,2012-07-10,High,41,"305,01","0,05",Express Air,"-160,82","7,3","7,72",Small Box,"0,38",2012-07-12,Pat,153,89,1,Returned
6730,47910,2009-08-15,High,30,"5290,57","0,08",Regular Air,"1389,18","178,47","19,99",Small Box,"0,55",2009-08-16,William,52,33,1,Returned
6730,47910,2009-08-15,High,30,"5290,57","0,08",Regular Air,"1389,18","178,47","19,99",Small Box,"0,55",2009-08-16,Pat,52,33,1,Returned
6784,48321,2010-07-29,High,31,"5875,66","0,02",Regular Air,"1856,12","178,47","19,99",Small Box,"0,55",2010-07-30,William,52,53,1,Returned
6784,48321,2010-07-29,High,31,"5875,66","0,02",Regular Air,"1856,12","178,47","19,99",Small Box,"0,55",2010-07-30,Pat,52,53,1,Returned
437,2915,2009-03-30,Low,41,"231,26","0,07",Regular Air,"32,83","5,98","0,96",Wrap Bag,"0,6",2009-04-03,William,89,53,1,Returned
437,2915,2009-03-30,Low,41,"231,26","0,07",Regular Air,"32,83","5,98","0,96",Wrap Bag,"0,6",2009-04-03,Pat,89,53,1,Returned
438,2915,2009-03-30,Low,23,"987,17","0,01",Regular Air,"51,59","39,98",4,Small Box,"0,7",2009-04-04,William,90,53,1,Returned
438,2915,2009-03-30,Low,23,"987,17","0,01",Regular Air,"51,59","39,98",4,Small Box,"0,7",2009-04-04,Pat,90,53,1,Returned
7189,51271,2010-10-25,High,31,"3969,43","0,1",Delivery Truck,"-796,51","140,98","36,09",Jumbo Box,"0,77",2010-10-27,William,105,53,1,Returned
7189,51271,2010-10-25,High,31,"3969,43","0,1",Delivery Truck,"-796,51","140,98","36,09",Jumbo Box,"0,77",2010-10-27,Pat,105,53,1,Returned
7190,51271,2010-10-25,High,16,"2882,707","0,02",Regular Air,"303,23","205,99",5,Small Box,"0,59",2010-10-27,William,106,53,1,Returned
7190,51271,2010-10-25,High,16,"2882,707","0,02",Regular Air,"303,23","205,99",5,Small Box,"0,59",2010-10-27,Pat,106,53,1,Returned
6781,48293,2012-04-09,Critical,47,"370,6","0,03",Regular Air,"160,72","7,64","1,39",Small Box,"0,36",2012-04-10,William,53,34,1,Returned
6781,48293,2012-04-09,Critical,47,"370,6","0,03",Regular Air,"160,72","7,64","1,39",Small Box,"0,36",2012-04-10,Pat,53,34,1,Returned
6877,49026,2011-03-07,Low,36,"411,75","0,05",Regular Air,"-182,87","11,66","8,99",Small Pack,"0,59",2011-03-12,William,55,35,1,Returned
6877,49026,2011-03-07,Low,36,"411,75","0,05",Regular Air,"-182,87","11,66","8,99",Small Pack,"0,59",2011-03-12,Pat,55,35,1,Returned
7561,54086,2012-09-06,Low,23,"5062,18","0,06",Delivery Truck,"842,83","270,97","28,06",Jumbo Drum,"0,56",2012-09-08,William,56,36,1,Returned
7561,54086,2012-09-06,Low,23,"5062,18","0,06",Delivery Truck,"842,83","270,97","28,06",Jumbo Drum,"0,56",2012-09-08,Pat,56,36,1,Returned
7581,54215,2011-10-21,High,14,"321,21","0,04",Regular Air,"53,44","22,98","1,99",Small Pack,"0,46",2011-10-23,William,57,36,1,Returned
7581,54215,2011-10-21,High,14,"321,21","0,04",Regular Air,"53,44","22,98","1,99",Small Pack,"0,46",2011-10-23,Pat,57,36,1,Returned
7702,55203,2010-04-11,Low,18,"994,4745","0,05",Regular Air,"0,71","65,99","7,69",Small Box,"0,59",2010-04-11,William,58,37,1,Returned
7702,55203,2010-04-11,Low,18,"994,4745","0,05",Regular Air,"0,71","65,99","7,69",Small Box,"0,59",2010-04-11,Pat,58,37,1,Returned
7721,55330,2009-08-12,Medium,49,"633,91",0,Regular Air,"141,17","12,58","5,16",Small Box,"0,43",2009-08-12,William,59,38,1,Returned
7721,55330,2009-08-12,Medium,49,"633,91",0,Regular Air,"141,17","12,58","5,16",Small Box,"0,43",2009-08-12,Pat,59,38,1,Returned
7893,56452,2009-02-14,Not Specified,34,"6686,344",0,Delivery Truck,"1192,04","236,97","59,24",Jumbo Box,"0,61",2009-02-15,William,60,39,1,Returned
7893,56452,2009-02-14,Not Specified,34,"6686,344",0,Delivery Truck,"1192,04","236,97","59,24",Jumbo Box,"0,61",2009-02-15,Pat,60,39,1,Returned
7959,56868,2011-12-03,Low,34,"1947,4265","0,03",Regular Air,"473,27","65,99","5,92",Small Box,"0,55",2011-12-10,William,61,40,1,Returned
7959,56868,2011-12-03,Low,34,"1947,4265","0,03",Regular Air,"473,27","65,99","5,92",Small Box,"0,55",2011-12-10,Pat,61,40,1,Returned
8009,57248,2009-10-15,Critical,34,"167,5","0,04",Regular Air,"-84,42","4,98","4,95",Small Box,"0,37",2009-10-17,William,64,41,1,Returned
8009,57248,2009-10-15,Critical,34,"167,5","0,04",Regular Air,"-84,42","4,98","4,95",Small Box,"0,37",2009-10-17,Pat,64,41,1,Returned
631,4391,2012-02-17,High,20,"2592,432","0,06",Regular Air,"428,47","155,99","3,9",Small Box,"0,55",2012-02-19,William,65,42,1,Returned
631,4391,2012-02-17,High,20,"2592,432","0,06",Regular Air,"428,47","155,99","3,9",Small Box,"0,55",2012-02-19,Pat,65,42,1,Returned
2509,18215,2010-09-19,Medium,29,"965,82","0,09",Regular Air,"169,15","34,99","5,5",Small Box,"0,49",2010-09-20,William,72,42,1,Returned
2509,18215,2010-09-19,Medium,29,"965,82","0,09",Regular Air,"169,15","34,99","5,5",Small Box,"0,49",2010-09-20,Pat,72,42,1,Returned
711,5028,2012-04-16,High,10,"79,68","0,06",Regular Air,"18,24","7,7","3,68",Wrap Bag,"0,52",2012-04-18,William,66,43,1,Returned
711,5028,2012-04-16,High,10,"79,68","0,06",Regular Air,"18,24","7,7","3,68",Wrap Bag,"0,52",2012-04-18,Pat,66,43,1,Returned
961,6978,2010-12-09,High,47,"371,95","0,07",Regular Air,"-87,40","8,12","2,83",Small Pack,"0,77",2010-12-10,William,67,44,1,Returned
961,6978,2010-12-09,High,47,"371,95","0,07",Regular Air,"-87,40","8,12","2,83",Small Pack,"0,77",2010-12-10,Pat,67,44,1,Returned
2143,15303,2010-09-13,Critical,21,"101,13","0,02",Regular Air,"-74,41","4,54","5,83",Small Box,"0,36",2010-09-14,William,68,45,1,Returned
2143,15303,2010-09-13,Critical,21,"101,13","0,02",Regular Air,"-74,41","4,54","5,83",Small Box,"0,36",2010-09-14,Pat,68,45,1,Returned
2144,15303,2010-09-13,Critical,18,"526,45","0,02",Regular Air,"-108,14","28,48","8,99",Small Pack,"0,7",2010-09-15,William,69,45,1,Returned
2144,15303,2010-09-13,Critical,18,"526,45","0,02",Regular Air,"-108,14","28,48","8,99",Small Pack,"0,7",2010-09-15,Pat,69,45,1,Returned
5252,37380,2011-04-01,Critical,29,"737,38","0,08",Regular Air,"90,04","26,64","5,3",Medium Box,,2011-04-02,William,76,45,1,Returned
5252,37380,2011-04-01,Critical,29,"737,38","0,08",Regular Air,"90,04","26,64","5,3",Medium Box,,2011-04-02,Pat,76,45,1,Returned
5253,37380,2011-04-01,Critical,47,"507,18",0,Regular Air,"74,73","9,99","4,78",Small Box,"0,4",2011-04-02,William,77,45,1,Returned
5253,37380,2011-04-01,Critical,47,"507,18",0,Regular Air,"74,73","9,99","4,78",Small Box,"0,4",2011-04-02,Pat,77,45,1,Returned
5254,37380,2011-04-01,Critical,42,"151,19","0,07",Regular Air,"27,37","3,55","1,43",Wrap Bag,"0,38",2011-04-02,William,78,45,1,Returned
5254,37380,2011-04-01,Critical,42,"151,19","0,07",Regular Air,"27,37","3,55","1,43",Wrap Bag,"0,38",2011-04-02,Pat,78,45,1,Returned
6878,49027,2011-04-11,High,41,"708,83","0,08",Regular Air,"35,08","17,67","8,99",Small Pack,"0,47",2011-04-12,William,82,45,1,Returned
6878,49027,2011-04-11,High,41,"708,83","0,08",Regular Air,"35,08","17,67","8,99",Small Pack,"0,47",2011-04-12,Pat,82,45,1,Returned
2189,15778,2010-05-06,High,9,"43,23",0,Regular Air,"-29,53","3,98","5,26",Small Box,"0,38",2010-05-08,William,70,46,1,Returned
2189,15778,2010-05-06,High,9,"43,23",0,Regular Air,"-29,53","3,98","5,26",Small Box,"0,38",2010-05-08,Pat,70,46,1,Returned
8178,58470,2011-06-08,High,24,"1811,55","0,09",Regular Air,"512,69","81,32","0,99",Small Box,"0,57",2011-06-09,William,84,46,1,Returned
8178,58470,2011-06-08,High,24,"1811,55","0,09",Regular Air,"512,69","81,32","0,99",Small Box,"0,57",2011-06-09,Pat,84,46,1,Returned
8179,58470,2011-06-08,High,13,"49,08","0,06",Regular Air,"-0,31","3,71","1,93",Wrap Bag,"0,35",2011-06-08,William,85,46,1,Returned
8179,58470,2011-06-08,High,13,"49,08","0,06",Regular Air,"-0,31","3,71","1,93",Wrap Bag,"0,35",2011-06-08,Pat,85,46,1,Returned
8180,58470,2011-06-08,High,36,"236,19","0,06",Regular Air,"-76,92","6,48","5,94",Small Box,"0,37",2011-06-09,William,86,46,1,Returned
8180,58470,2011-06-08,High,36,"236,19","0,06",Regular Air,"-76,92","6,48","5,94",Small Box,"0,37",2011-06-09,Pat,86,46,1,Returned
8181,58470,2011-06-08,High,45,"854,14","0,01",Regular Air,"94,00","18,97","9,03",Small Box,"0,37",2011-06-10,William,87,46,1,Returned
8181,58470,2011-06-08,High,45,"854,14","0,01",Regular Air,"94,00","18,97","9,03",Small Box,"0,37",2011-06-10,Pat,87,46,1,Returned
8182,58470,2011-06-08,High,5,"159,5","0,09",Regular Air,"-57,98","31,98","6,72",Small Box,"0,75",2011-06-09,William,88,46,1,Returned
8182,58470,2011-06-08,High,5,"159,5","0,09",Regular Air,"-57,98","31,98","6,72",Small Box,"0,75",2011-06-09,Pat,88,46,1,Returned
2390,17313,2009-05-07,High,27,"130,49","0,07",Express Air,"47,09","4,76","0,88",Wrap Bag,"0,39",2009-05-09,William,71,47,1,Returned
2390,17313,2009-05-07,High,27,"130,49","0,07",Express Air,"47,09","4,76","0,88",Wrap Bag,"0,39",2009-05-09,Pat,71,47,1,Returned
2928,21222,2009-02-03,Not Specified,36,"181,39","0,1",Regular Air,"-32,40","5,08","3,63",Wrap Bag,"0,51",2009-02-05,William,73,48,1,Returned
2928,21222,2009-02-03,Not Specified,36,"181,39","0,1",Regular Air,"-32,40","5,08","3,63",Wrap Bag,"0,51",2009-02-05,Pat,73,48,1,Returned
2929,21222,2009-02-03,Not Specified,26,"846,0815","0,02",Regular Air,"-120,93","35,99",5,Small Box,"0,85",2009-02-05,William,74,48,1,Returned
2929,21222,2009-02-03,Not Specified,26,"846,0815","0,02",Regular Air,"-120,93","35,99",5,Small Box,"0,85",2009-02-05,Pat,74,48,1,Returned
4854,34532,2012-12-11,Low,41,"1234,36","0,04",Express Air,"-84,77","30,98","19,51",Small Box,"0,36",2012-12-18,William,75,49,1,Returned
4854,34532,2012-12-11,Low,41,"1234,36","0,04",Express Air,"-84,77","30,98","19,51",Small Box,"0,36",2012-12-18,Pat,75,49,1,Returned
5378,38240,2009-12-19,High,42,"1651,07","0,09",Regular Air,"-100,49","40,98","6,5",Small Box,"0,74",2009-12-21,William,79,50,1,Returned
5378,38240,2009-12-19,High,42,"1651,07","0,09",Regular Air,"-100,49","40,98","6,5",Small Box,"0,74",2009-12-21,Pat,79,50,1,Returned
6015,42628,2011-05-05,Not Specified,4,"1199,336","0,01",Delivery Truck,"224,80","349,45",60,Jumbo Drum,,2011-05-07,William,81,50,1,Returned
6015,42628,2011-05-05,Not Specified,4,"1199,336","0,01",Delivery Truck,"224,80","349,45",60,Jumbo Drum,,2011-05-07,Pat,81,50,1,Returned
7965,56930,2012-08-17,Low,47,"228,31","0,03",Regular Air,"8,89","4,71","0,7",Wrap Bag,"0,8",2012-08-24,William,83,52,1,Returned
7965,56930,2012-08-17,Low,47,"228,31","0,03",Regular Air,"8,89","4,71","0,7",Wrap Bag,"0,8",2012-08-24,Pat,83,52,1,Returned
2590,18689,2009-12-24,Not Specified,10,"194,65","0,05",Regular Air,"-3,78","18,97","9,03",Small Box,"0,37",2009-12-25,William,87,97,1,Returned
2590,18689,2009-12-24,Not Specified,10,"194,65","0,05",Regular Air,"-3,78","18,97","9,03",Small Box,"0,37",2009-12-25,Pat,87,97,1,Returned
2589,18689,2009-12-24,Not Specified,38,"281,17","0,01",Regular Air,"-78,37","7,1","6,05",Small Box,"0,39",2009-12-25,William,164,97,1,Returned
2589,18689,2009-12-24,Not Specified,38,"281,17","0,01",Regular Air,"-78,37","7,1","6,05",Small Box,"0,39",2009-12-25,Pat,164,97,1,Returned
1987,14176,2009-03-12,Low,39,"1233,4775","0,01",Regular Air,"453,80","35,99","5,99",Wrap Bag,"0,38",2009-03-19,William,91,54,1,Returned
1987,14176,2009-03-12,Low,39,"1233,4775","0,01",Regular Air,"453,80","35,99","5,99",Wrap Bag,"0,38",2009-03-19,Pat,91,54,1,Returned
2031,14497,2012-05-20,Medium,34,"214,03","0,02",Regular Air,"-138,92","5,78","7,96",Small Box,"0,36",2012-05-23,William,92,55,1,Returned
2031,14497,2012-05-20,Medium,34,"214,03","0,02",Regular Air,"-138,92","5,78","7,96",Small Box,"0,36",2012-05-23,Pat,92,55,1,Returned
4937,35111,2010-06-05,Critical,39,"893,29","0,08",Regular Air,"256,16","23,99","6,71",Small Box,"0,35",2010-06-07,William,101,55,1,Returned
4937,35111,2010-06-05,Critical,39,"893,29","0,08",Regular Air,"256,16","23,99","6,71",Small Box,"0,35",2010-06-07,Pat,101,55,1,Returned
2574,18593,2011-09-22,High,23,"6572,04","0,06",Regular Air,"1579,34","300,97","7,18",Small Box,"0,48",2011-09-23,William,93,56,1,Returned
2574,18593,2011-09-22,High,23,"6572,04","0,06",Regular Air,"1579,34","300,97","7,18",Small Box,"0,48",2011-09-23,Pat,93,56,1,Returned
2575,18593,2011-09-22,High,19,"1051,992","0,09",Delivery Truck,"-1280,60","70,89","89,3",Jumbo Box,"0,72",2011-09-24,William,94,56,1,Returned
2575,18593,2011-09-22,High,19,"1051,992","0,09",Delivery Truck,"-1280,60","70,89","89,3",Jumbo Box,"0,72",2011-09-24,Pat,94,56,1,Returned
2879,20743,2011-12-15,High,39,"231,21",0,Express Air,"-179,96","5,28","8,16",Small Box,"0,4",2011-12-16,William,95,57,1,Returned
2879,20743,2011-12-15,High,39,"231,21",0,Express Air,"-179,96","5,28","8,16",Small Box,"0,4",2011-12-16,Pat,95,57,1,Returned
3169,22787,2011-04-05,Medium,35,"46,44","0,06",Express Air,"-16,30","1,26","0,7",Wrap Bag,"0,81",2011-04-05,William,96,58,1,Returned
3169,22787,2011-04-05,Medium,35,"46,44","0,06",Express Air,"-16,30","1,26","0,7",Wrap Bag,"0,81",2011-04-05,Pat,96,58,1,Returned
3887,27750,2012-10-19,Low,12,"769,17",0,Delivery Truck,"-212,01","58,14","36,61",Jumbo Box,"0,61",2012-10-23,William,97,59,1,Returned
3887,27750,2012-10-19,Low,12,"769,17",0,Delivery Truck,"-212,01","58,14","36,61",Jumbo Box,"0,61",2012-10-23,Pat,97,59,1,Returned
3888,27750,2012-10-19,Low,18,"7370,84","0,09",Delivery Truck,"999,87","449,99",49,Jumbo Drum,"0,38",2012-10-19,William,98,59,1,Returned
3888,27750,2012-10-19,Low,18,"7370,84","0,09",Delivery Truck,"999,87","449,99",49,Jumbo Drum,"0,38",2012-10-19,Pat,98,59,1,Returned
5169,36773,2010-09-23,Not Specified,24,"2048,78","0,05",Regular Air,"994,68","83,98","5,01",Small Box,"0,38",2010-09-25,William,102,59,1,Returned
5169,36773,2010-09-23,Not Specified,24,"2048,78","0,05",Regular Air,"994,68","83,98","5,01",Small Box,"0,38",2010-09-25,Pat,102,59,1,Returned
923,6661,2010-04-16,Low,47,"19224,92","0,1",Delivery Truck,"6635,15","449,99",49,Jumbo Drum,"0,38",2010-04-20,William,98,72,1,Returned
923,6661,2010-04-16,Low,47,"19224,92","0,1",Delivery Truck,"6635,15","449,99",49,Jumbo Drum,"0,38",2010-04-20,Pat,98,72,1,Returned
924,6661,2010-04-16,Low,39,"778,62",0,Regular Air,"247,24","19,23","6,15",Small Pack,"0,44",2010-04-23,William,121,72,1,Returned
924,6661,2010-04-16,Low,39,"778,62",0,Regular Air,"247,24","19,23","6,15",Small Pack,"0,44",2010-04-23,Pat,121,72,1,Returned
4627,32931,2010-02-15,Low,31,"86,1","0,06",Regular Air,"32,70","2,88","0,5",Small Box,"0,36",2010-02-22,William,99,60,1,Returned
4627,32931,2010-02-15,Low,31,"86,1","0,06",Regular Air,"32,70","2,88","0,5",Small Box,"0,36",2010-02-22,Pat,99,60,1,Returned
4628,32931,2010-02-15,Low,25,"298,11","0,08",Regular Air,"-60,79","12,44","6,27",Medium Box,"0,57",2010-02-20,William,100,60,1,Returned
4628,32931,2010-02-15,Low,25,"298,11","0,08",Regular Air,"-60,79","12,44","6,27",Medium Box,"0,57",2010-02-20,Pat,100,60,1,Returned
6285,44486,2012-07-09,Critical,36,"198,1","0,09",Regular Air,"-66,93","5,78","4,96",Small Box,"0,36",2012-07-12,William,103,61,1,Returned
6285,44486,2012-07-09,Critical,36,"198,1","0,09",Regular Air,"-66,93","5,78","4,96",Small Box,"0,36",2012-07-12,Pat,103,61,1,Returned
7038,50246,2010-08-18,Medium,14,"102,04","0,05",Express Air,"-47,67","6,48","7,37",Small Box,"0,37",2010-08-19,William,104,62,1,Returned
7038,50246,2010-08-18,Medium,14,"102,04","0,05",Express Air,"-47,67","6,48","7,37",Small Box,"0,37",2010-08-19,Pat,104,62,1,Returned
1359,9895,2010-04-20,Low,9,"54,79","0,05",Regular Air,"-6,82","5,85","2,27",Wrap Bag,"0,56",2010-04-24,William,107,63,1,Returned
1359,9895,2010-04-20,Low,9,"54,79","0,05",Regular Air,"-6,82","5,85","2,27",Wrap Bag,"0,56",2010-04-24,Pat,107,63,1,Returned
3762,26881,2009-08-01,Low,26,"10692,97","0,05",Delivery Truck,"-410,39","424,21","110,2",Jumbo Box,"0,67",2009-08-05,William,108,64,1,Returned
3762,26881,2009-08-01,Low,26,"10692,97","0,05",Delivery Truck,"-410,39","424,21","110,2",Jumbo Box,"0,67",2009-08-05,Pat,108,64,1,Returned
8189,58566,2011-08-23,Not Specified,45,"4680,89","0,07",Regular Air,"693,01","105,29","10,12",Large Box,"0,79",2011-08-24,William,109,65,1,Returned
8189,58566,2011-08-23,Not Specified,45,"4680,89","0,07",Regular Air,"693,01","105,29","10,12",Large Box,"0,79",2011-08-24,Pat,109,65,1,Returned
8190,58566,2011-08-23,Not Specified,42,"2414,9945","0,01",Express Air,"624,71","65,99","4,99",Small Box,"0,58",2011-08-25,William,110,65,1,Returned
8190,58566,2011-08-23,Not Specified,42,"2414,9945","0,01",Express Air,"624,71","65,99","4,99",Small Box,"0,58",2011-08-25,Pat,110,65,1,Returned
7915,56582,2009-06-12,Low,25,"2612,89","0,04",Regular Air,"490,99","105,29","10,12",Large Box,"0,79",2009-06-16,William,109,90,1,Returned
7915,56582,2009-06-12,Low,25,"2612,89","0,04",Regular Air,"490,99","105,29","10,12",Large Box,"0,79",2009-06-16,Pat,109,90,1,Returned
4466,31844,2011-07-02,Not Specified,14,"2085,93","0,09",Delivery Truck,"-517,73","150,98","66,27",Jumbo Box,"0,65",2011-07-02,William,154,90,1,Returned
4466,31844,2011-07-02,Not Specified,14,"2085,93","0,09",Delivery Truck,"-517,73","150,98","66,27",Jumbo Box,"0,65",2011-07-02,Pat,154,90,1,Returned
7916,56582,2009-06-12,Low,47,"1146,992","0,07",Delivery Truck,"-1643,74","31,76","45,51",Jumbo Box,"0,65",2009-06-14,William,157,90,1,Returned
7916,56582,2009-06-12,Low,47,"1146,992","0,07",Delivery Truck,"-1643,74","31,76","45,51",Jumbo Box,"0,65",2009-06-14,Pat,157,90,1,Returned
8271,59139,2011-01-29,Critical,12,"849,51","0,05",Regular Air,"163,10","70,97","3,5",Small Box,"0,59",2011-01-30,William,111,66,1,Returned
8271,59139,2011-01-29,Critical,12,"849,51","0,05",Regular Air,"163,10","70,97","3,5",Small Box,"0,59",2011-01-30,Pat,111,66,1,Returned
8272,59139,2011-01-29,Critical,38,"189,49","0,09",Regular Air,"-13,71","5,34","2,99",Small Box,"0,38",2011-01-30,William,112,66,1,Returned
8272,59139,2011-01-29,Critical,38,"189,49","0,09",Regular Air,"-13,71","5,34","2,99",Small Box,"0,38",2011-01-30,Pat,112,66,1,Returned
5204,36994,2011-06-17,Critical,40,"5264,48","0,03",Delivery Truck,"-284,06","130,98",30,Jumbo Drum,"0,78",2011-06-17,William,113,67,1,Returned
5204,36994,2011-06-17,Critical,40,"5264,48","0,03",Delivery Truck,"-284,06","130,98",30,Jumbo Drum,"0,78",2011-06-17,Pat,113,67,1,Returned
5510,39075,2012-02-19,Not Specified,50,"512,33","0,01",Regular Air,"250,66","10,35","0,99",Small Box,"0,37",2012-02-20,William,114,68,1,Returned
5510,39075,2012-02-19,Not Specified,50,"512,33","0,01",Regular Air,"250,66","10,35","0,99",Small Box,"0,37",2012-02-20,Pat,114,68,1,Returned
6060,42945,2012-12-29,Not Specified,45,"178,7","0,07",Regular Air,"-164,92","3,95","5,13",Small Box,"0,59",2012-12-29,William,115,68,1,Returned
6060,42945,2012-12-29,Not Specified,45,"178,7","0,07",Regular Air,"-164,92","3,95","5,13",Small Box,"0,59",2012-12-29,Pat,115,68,1,Returned
7181,51239,2012-02-23,Low,48,"4046,25","0,09",Delivery Truck,"-1296,93","85,29",60,Jumbo Drum,"0,56",2012-02-25,William,116,69,1,Returned
7181,51239,2012-02-23,Low,48,"4046,25","0,09",Delivery Truck,"-1296,93","85,29",60,Jumbo Drum,"0,56",2012-02-25,Pat,116,69,1,Returned
358,2503,2010-06-19,Medium,21,"91,15","0,03",Regular Air,"-71,54","4,13","5,34",Small Box,"0,38",2010-06-20,William,118,71,1,Returned
358,2503,2010-06-19,Medium,21,"91,15","0,03",Regular Air,"-71,54","4,13","5,34",Small Box,"0,38",2010-06-20,Pat,118,71,1,Returned
359,2503,2010-06-19,Medium,46,"171,48","0,1",Regular Air,"66,13","4,13","0,5",Small Box,"0,39",2010-06-20,William,119,71,1,Returned
359,2503,2010-06-19,Medium,46,"171,48","0,1",Regular Air,"66,13","4,13","0,5",Small Box,"0,39",2010-06-20,Pat,119,71,1,Returned
360,2503,2010-06-19,Medium,9,"162,1545","0,08",Regular Air,"-73,74","20,99","4,81",Medium Box,"0,58",2010-06-21,William,120,71,1,Returned
360,2503,2010-06-19,Medium,9,"162,1545","0,08",Regular Air,"-73,74","20,99","4,81",Medium Box,"0,58",2010-06-21,Pat,120,71,1,Returned
934,6757,2012-02-01,Medium,27,"869,78","0,1",Regular Air,"43,36","34,76","8,22",Small Box,"0,57",2012-02-03,William,122,73,1,Returned
934,6757,2012-02-01,Medium,27,"869,78","0,1",Regular Air,"43,36","34,76","8,22",Small Box,"0,57",2012-02-03,Pat,122,73,1,Returned
935,6757,2012-02-01,Medium,11,"2503,008","0,1",Delivery Truck,"-298,62","286,85","61,76",Jumbo Box,"0,78",2012-02-02,William,123,73,1,Returned
935,6757,2012-02-01,Medium,11,"2503,008","0,1",Delivery Truck,"-298,62","286,85","61,76",Jumbo Box,"0,78",2012-02-02,Pat,123,73,1,Returned
5200,36934,2009-12-22,Medium,7,"1120,86","0,02",Express Air,"17,40","150,98","13,99",Medium Box,"0,38",2009-12-24,William,130,73,1,Returned
5200,36934,2009-12-22,Medium,7,"1120,86","0,02",Express Air,"17,40","150,98","13,99",Medium Box,"0,38",2009-12-24,Pat,130,73,1,Returned
5201,36934,2009-12-22,Medium,2,"11,51","0,1",Regular Air,"-5,16","5,43","0,95",Wrap Bag,"0,36",2009-12-24,William,131,73,1,Returned
5201,36934,2009-12-22,Medium,2,"11,51","0,1",Regular Air,"-5,16","5,43","0,95",Wrap Bag,"0,36",2009-12-24,Pat,131,73,1,Returned
5202,36934,2009-12-22,Medium,45,"6668,856","0,01",Delivery Truck,"871,97","179,29","29,21",Jumbo Box,"0,74",2009-12-23,William,132,73,1,Returned
5202,36934,2009-12-22,Medium,45,"6668,856","0,01",Delivery Truck,"871,97","179,29","29,21",Jumbo Box,"0,74",2009-12-23,Pat,132,73,1,Returned
1950,13959,2009-04-04,Medium,47,"228,46","0,01",Regular Air,"112,06","4,91","0,5",Small Box,"0,36",2009-04-06,William,125,74,1,Returned
1950,13959,2009-04-04,Medium,47,"228,46","0,01",Regular Air,"112,06","4,91","0,5",Small Box,"0,36",2009-04-06,Pat,125,74,1,Returned
1951,13959,2009-04-04,Medium,19,"77,61","0,09",Express Air,"16,79",4,"1,3",Wrap Bag,"0,37",2009-04-06,William,126,74,1,Returned
1951,13959,2009-04-04,Medium,19,"77,61","0,09",Express Air,"16,79",4,"1,3",Wrap Bag,"0,37",2009-04-06,Pat,126,74,1,Returned
5055,36038,2012-08-16,High,26,"95,26","0,02",Regular Air,"-89,06","3,28",5,Wrap Bag,"0,56",2012-08-18,William,129,74,1,Returned
5055,36038,2012-08-16,High,26,"95,26","0,02",Regular Air,"-89,06","3,28",5,Wrap Bag,"0,56",2012-08-18,Pat,129,74,1,Returned
2488,18119,2009-06-24,Low,37,"347,84",0,Regular Air,"-99,25","8,74","8,29",Small Box,"0,38",2009-06-26,William,127,75,1,Returned
2488,18119,2009-06-24,Low,37,"347,84",0,Regular Air,"-99,25","8,74","8,29",Small Box,"0,38",2009-06-26,Pat,127,75,1,Returned
5460,38787,2011-08-05,Low,22,"79,04","0,05",Regular Air,"-77,93","3,28",5,Wrap Bag,"0,56",2011-08-05,William,129,75,1,Returned
5460,38787,2011-08-05,Low,22,"79,04","0,05",Regular Air,"-77,93","3,28",5,Wrap Bag,"0,56",2011-08-05,Pat,129,75,1,Returned
4830,34338,2010-06-30,Low,26,"1050,16","0,04",Express Air,"265,09","38,76","13,26",Small Box,"0,36",2010-07-05,William,128,76,1,Returned
4830,34338,2010-06-30,Low,26,"1050,16","0,04",Express Air,"265,09","38,76","13,26",Small Box,"0,36",2010-07-05,Pat,128,76,1,Returned
6333,44869,2012-08-22,Medium,43,"283,18","0,03",Regular Air,"-154,95","6,48","7,49",Small Box,"0,37",2012-08-24,William,134,76,1,Returned
6333,44869,2012-08-22,Medium,43,"283,18","0,03",Regular Air,"-154,95","6,48","7,49",Small Box,"0,37",2012-08-24,Pat,134,76,1,Returned
5986,42436,2012-08-09,Critical,30,"10994,74","0,09",Delivery Truck,"3612,58","400,97","48,26",Jumbo Box,"0,36",2012-08-10,William,133,77,1,Returned
5986,42436,2012-08-09,Critical,30,"10994,74","0,09",Delivery Truck,"3612,58","400,97","48,26",Jumbo Box,"0,36",2012-08-10,Pat,133,77,1,Returned
7223,51553,2011-11-27,Not Specified,3,"21366,51",0,Regular Air,"-11984,40","6783,02","24,49",Large Box,"0,39",2011-11-28,William,135,78,1,Returned
7223,51553,2011-11-27,Not Specified,3,"21366,51",0,Regular Air,"-11984,40","6783,02","24,49",Large Box,"0,39",2011-11-28,Pat,135,78,1,Returned
7224,51553,2011-11-27,Not Specified,34,"320,04","0,02",Express Air,"32,47","9,27","4,39",Wrap Bag,"0,38",2011-11-29,William,136,78,1,Returned
7224,51553,2011-11-27,Not Specified,34,"320,04","0,02",Express Air,"32,47","9,27","4,39",Wrap Bag,"0,38",2011-11-29,Pat,136,78,1,Returned
7225,51553,2011-11-27,Not Specified,12,"88,57","0,03",Regular Air,"-28,25","6,68","6,15",Small Box,"0,37",2011-11-29,William,137,78,1,Returned
7225,51553,2011-11-27,Not Specified,12,"88,57","0,03",Regular Air,"-28,25","6,68","6,15",Small Box,"0,37",2011-11-29,Pat,137,78,1,Returned
7226,51553,2011-11-27,Not Specified,13,"73,97","0,1",Regular Air,"-38,35","5,78","5,67",Small Box,"0,36",2011-11-30,William,138,78,1,Returned
7226,51553,2011-11-27,Not Specified,13,"73,97","0,1",Regular Air,"-38,35","5,78","5,67",Small Box,"0,36",2011-11-30,Pat,138,78,1,Returned
5086,36262,2010-07-27,Not Specified,23,"164,02","0,03",Express Air,"-47,64","6,68","6,15",Small Box,"0,37",2010-07-28,William,137,103,1,Returned
5086,36262,2010-07-27,Not Specified,23,"164,02","0,03",Express Air,"-47,64","6,68","6,15",Small Box,"0,37",2010-07-28,Pat,137,103,1,Returned
5087,36262,2010-07-27,Not Specified,23,"136,81","0,01",Regular Air,"-30,51","5,68","3,6",Small Pack,"0,56",2010-07-28,William,169,103,1,Returned
5087,36262,2010-07-27,Not Specified,23,"136,81","0,01",Regular Air,"-30,51","5,68","3,6",Small Pack,"0,56",2010-07-28,Pat,169,103,1,Returned
5088,36262,2010-07-27,Not Specified,26,"4701,69",0,Express Air,"1148,90","205,99","2,5",Small Box,"0,59",2010-07-27,William,170,103,1,Returned
5088,36262,2010-07-27,Not Specified,26,"4701,69",0,Express Air,"1148,90","205,99","2,5",Small Box,"0,59",2010-07-27,Pat,170,103,1,Returned
7527,53767,2011-08-26,Not Specified,35,"1131,15","0,03",Regular Air,"433,87","30,98","5,76",Small Box,"0,4",2011-08-27,William,139,79,1,Returned
7527,53767,2011-08-26,Not Specified,35,"1131,15","0,03",Regular Air,"433,87","30,98","5,76",Small Box,"0,4",2011-08-27,Pat,139,79,1,Returned
7645,54787,2011-02-24,High,7,"170,02","0,07",Regular Air,"-56,10","22,84","16,87",Small Box,"0,39",2011-02-25,William,140,80,1,Returned
7645,54787,2011-02-24,High,7,"170,02","0,07",Regular Air,"-56,10","22,84","16,87",Small Box,"0,39",2011-02-25,Pat,140,80,1,Returned
64,359,2009-12-18,Medium,30,"3659,66","0,08",Delivery Truck,"-500,38","124,49","51,94",Jumbo Box,"0,63",2009-12-19,William,141,81,1,Returned
64,359,2009-12-18,Medium,30,"3659,66","0,08",Delivery Truck,"-500,38","124,49","51,94",Jumbo Box,"0,63",2009-12-19,Pat,141,81,1,Returned
1265,9219,2009-09-28,Low,24,"1239,81","0,04",Regular Air,"-13,28","50,98","6,5",Small Box,"0,73",2009-10-03,William,142,82,1,Returned
1265,9219,2009-09-28,Low,24,"1239,81","0,04",Regular Air,"-13,28","50,98","6,5",Small Box,"0,73",2009-10-03,Pat,142,82,1,Returned
1266,9219,2009-09-28,Low,41,"273,32","0,02",Regular Air,"-48,68","6,48","5,14",Small Box,"0,37",2009-09-30,William,143,82,1,Returned
1266,9219,2009-09-28,Low,41,"273,32","0,02",Regular Air,"-48,68","6,48","5,14",Small Box,"0,37",2009-09-30,Pat,143,82,1,Returned
1336,9762,2009-01-03,High,12,"262,76","0,05",Regular Air,"-146,05","20,98","21,2",Medium Box,"0,78",2009-01-04,William,144,83,1,Returned
1336,9762,2009-01-03,High,12,"262,76","0,05",Regular Air,"-146,05","20,98","21,2",Medium Box,"0,78",2009-01-04,Pat,144,83,1,Returned
1510,10917,2012-02-10,Critical,14,"1281,358","0,09",Express Air,"-90,12","115,99","5,99",Small Box,"0,57",2012-02-12,William,145,84,1,Returned
1510,10917,2012-02-10,Critical,14,"1281,358","0,09",Express Air,"-90,12","115,99","5,99",Small Box,"0,57",2012-02-12,Pat,145,84,1,Returned
1602,11648,2011-04-09,Low,1,"32,51","0,1",Regular Air,"-90,94","35,41","1,99",Small Pack,"0,43",2011-04-16,William,146,85,1,Returned
1602,11648,2011-04-09,Low,1,"32,51","0,1",Regular Air,"-90,94","35,41","1,99",Small Pack,"0,43",2011-04-16,Pat,146,85,1,Returned
1603,11648,2011-04-09,Low,33,"570,51",0,Regular Air,"-142,75","16,74","7,04",Small Box,"0,81",2011-04-09,William,147,85,1,Returned
1603,11648,2011-04-09,Low,33,"570,51",0,Regular Air,"-142,75","16,74","7,04",Small Box,"0,81",2011-04-09,Pat,147,85,1,Returned
2368,17155,2009-01-28,Medium,36,"267,53",0,Express Air,"85,17","6,88",2,Wrap Bag,"0,39",2009-01-29,William,148,86,1,Returned
2368,17155,2009-01-28,Medium,36,"267,53",0,Express Air,"85,17","6,88",2,Wrap Bag,"0,39",2009-01-29,Pat,148,86,1,Returned
2369,17155,2009-01-28,Medium,31,"1065,26","0,03",Express Air,"-900,27","32,48",35,Large Box,"0,81",2009-01-28,William,149,86,1,Returned
2369,17155,2009-01-28,Medium,31,"1065,26","0,03",Express Air,"-900,27","32,48",35,Large Box,"0,81",2009-01-28,Pat,149,86,1,Returned
2554,18496,2009-05-15,High,30,"991,01","0,01",Regular Air,"46,29","30,98","6,5",Small Box,"0,64",2009-05-16,William,150,87,1,Returned
2554,18496,2009-05-15,High,30,"991,01","0,01",Regular Air,"46,29","30,98","6,5",Small Box,"0,64",2009-05-16,Pat,150,87,1,Returned
2555,18496,2009-05-15,High,29,"1267,42","0,01",Regular Air,"177,79","40,99","19,99",Small Box,"0,36",2009-05-18,William,151,87,1,Returned
2555,18496,2009-05-15,High,29,"1267,42","0,01",Regular Air,"177,79","40,99","19,99",Small Box,"0,36",2009-05-18,Pat,151,87,1,Returned
3999,28544,2012-08-28,Critical,24,"68,5","0,07",Regular Air,"2,69","2,78","1,49",Small Box,"0,36",2012-08-29,William,152,88,1,Returned
3999,28544,2012-08-28,Critical,24,"68,5","0,07",Regular Air,"2,69","2,78","1,49",Small Box,"0,36",2012-08-29,Pat,152,88,1,Returned
6812,48486,2011-05-12,High,42,"271,14","0,07",Regular Air,"-174,74","6,48","7,91",Small Box,"0,37",2011-05-14,William,155,91,1,Returned
6812,48486,2011-05-12,High,42,"271,14","0,07",Regular Air,"-174,74","6,48","7,91",Small Box,"0,37",2011-05-14,Pat,155,91,1,Returned
6851,48775,2009-09-06,Low,17,"108,11","0,09",Regular Air,"-62,23","6,48","6,86",Small Box,"0,37",2009-09-08,William,156,92,1,Returned
6851,48775,2009-09-06,Low,17,"108,11","0,09",Regular Air,"-62,23","6,48","6,86",Small Box,"0,37",2009-09-08,Pat,156,92,1,Returned
902,6500,2012-10-12,Critical,15,"448,07","0,1",Regular Air,"-141,02","30,42","8,65",Small Box,"0,74",2012-10-14,William,158,93,1,Returned
902,6500,2012-10-12,Critical,15,"448,07","0,1",Regular Air,"-141,02","30,42","8,65",Small Box,"0,74",2012-10-14,Pat,158,93,1,Returned
903,6500,2012-10-12,Critical,20,"38,29","0,06",Regular Air,"-16,15","1,95","1,63",Wrap Bag,"0,46",2012-10-13,William,159,93,1,Returned
903,6500,2012-10-12,Critical,20,"38,29","0,06",Regular Air,"-16,15","1,95","1,63",Wrap Bag,"0,46",2012-10-13,Pat,159,93,1,Returned
998,7203,2009-01-08,High,25,"21752,01","0,03",Regular Air,"9296,35","896,99","19,99",Small Box,"0,38",2009-01-10,William,160,94,1,Returned
998,7203,2009-01-08,High,25,"21752,01","0,03",Regular Air,"9296,35","896,99","19,99",Small Box,"0,38",2009-01-10,Pat,160,94,1,Returned
1146,8353,2009-05-15,Medium,34,"286,9","0,06",Regular Air,"-36,63","8,32","2,38",Small Pack,"0,74",2009-05-17,William,161,95,1,Returned
1146,8353,2009-05-15,Medium,34,"286,9","0,06",Regular Air,"-36,63","8,32","2,38",Small Pack,"0,74",2009-05-17,Pat,161,95,1,Returned
1147,8353,2009-05-15,Medium,16,"46,4","0,08",Regular Air,"-2,12","2,94","0,96",Wrap Bag,"0,58",2009-05-17,William,162,95,1,Returned
1147,8353,2009-05-15,Medium,16,"46,4","0,08",Regular Air,"-2,12","2,94","0,96",Wrap Bag,"0,58",2009-05-17,Pat,162,95,1,Returned
1652,11909,2009-11-24,Not Specified,11,"194,174","0,03",Regular Air,"-20,91","20,99","0,99",Wrap Bag,"0,57",2009-11-26,William,163,96,1,Returned
1652,11909,2009-11-24,Not Specified,11,"194,174","0,03",Regular Air,"-20,91","20,99","0,99",Wrap Bag,"0,57",2009-11-26,Pat,163,96,1,Returned
4677,33283,2010-03-20,Medium,48,"10462,54","0,02",Delivery Truck,"-1402,68","218,75","69,64",Jumbo Box,"0,77",2010-03-20,William,165,98,1,Returned
4677,33283,2010-03-20,Medium,48,"10462,54","0,02",Delivery Truck,"-1402,68","218,75","69,64",Jumbo Box,"0,77",2010-03-20,Pat,165,98,1,Returned
5168,36772,2010-05-15,Medium,47,"280,45","0,1",Regular Air,"-143,65","6,48","6,35",Small Box,"0,37",2010-05-15,William,171,98,1,Returned
5168,36772,2010-05-15,Medium,47,"280,45","0,1",Regular Air,"-143,65","6,48","6,35",Small Box,"0,37",2010-05-15,Pat,171,98,1,Returned
5166,36772,2010-05-15,Medium,8,"22,85","0,07",Regular Air,"0,88","2,88","0,99",Small Box,"0,36",2010-05-15,William,172,98,1,Returned
5166,36772,2010-05-15,Medium,8,"22,85","0,07",Regular Air,"0,88","2,88","0,99",Small Box,"0,36",2010-05-15,Pat,172,98,1,Returned
5167,36772,2010-05-15,Medium,16,"12007,05","0,09",Delivery Truck,"2713,95","808,49","55,3",Jumbo Drum,"0,4",2010-05-17,William,173,98,1,Returned
5167,36772,2010-05-15,Medium,16,"12007,05","0,09",Delivery Truck,"2713,95","808,49","55,3",Jumbo Drum,"0,4",2010-05-17,Pat,173,98,1,Returned
4974,35366,2011-07-12,Low,23,"149,31","0,06",Regular Air,"-98,42","6,48","7,81",Small Box,"0,37",2011-07-19,William,166,100,1,Returned
4974,35366,2011-07-12,Low,23,"149,31","0,06",Regular Air,"-98,42","6,48","7,81",Small Box,"0,37",2011-07-19,Pat,166,100,1,Returned
5010,35744,2009-03-21,Not Specified,44,"2587,53","0,02",Regular Air,"401,85","55,94","6,55",Small Box,"0,68",2009-03-23,William,167,101,1,Returned
5010,35744,2009-03-21,Not Specified,44,"2587,53","0,02",Regular Air,"401,85","55,94","6,55",Small Box,"0,68",2009-03-23,Pat,167,101,1,Returned
5206,36998,2012-09-29,Low,50,"481,23","0,07",Regular Air,"-409,24","9,98","12,52",Small Box,"0,57",2012-10-04,William,174,104,1,Returned
5206,36998,2012-09-29,Low,50,"481,23","0,07",Regular Air,"-409,24","9,98","12,52",Small Box,"0,57",2012-10-04,Pat,174,104,1,Returned
5207,36998,2012-09-29,Low,41,"265,39","0,1",Regular Air,"-237,01","6,48","9,54",Small Box,"0,37",2012-10-06,William,175,104,1,Returned
5207,36998,2012-09-29,Low,41,"265,39","0,1",Regular Air,"-237,01","6,48","9,54",Small Box,"0,37",2012-10-06,Pat,175,104,1,Returned
5208,36998,2012-09-29,Low,8,"56,5","0,02",Regular Air,"-17,16","6,48","5,19",Small Box,"0,37",2012-10-01,William,176,104,1,Returned
5208,36998,2012-09-29,Low,8,"56,5","0,02",Regular Air,"-17,16","6,48","5,19",Small Box,"0,37",2012-10-01,Pat,176,104,1,Returned
7371,52518,2012-04-03,Critical,8,"168,99","0,08",Regular Air,"-47,37","20,95",4,Small Box,"0,6",2012-04-04,William,179,106,1,Returned
7371,52518,2012-04-03,Critical,8,"168,99","0,08",Regular Air,"-47,37","20,95",4,Small Box,"0,6",2012-04-04,Pat,179,106,1,Returned
1219,8961,2011-06-28,Low,48,"4644,87","0,08",Delivery Truck,"-1291,39","100,8",60,Jumbo Drum,"0,59",2011-07-03,William,182,107,1,Returned
1219,8961,2011-06-28,Low,48,"4644,87","0,08",Delivery Truck,"-1291,39","100,8",60,Jumbo Drum,"0,59",2011-07-03,Pat,182,107,1,Returned
